{
    "name": "Taco Truck",
    "vendorId": "0xFEED",
    "productId": "0x6060",
    "lighting": "qmk_rgblight",
    "matrix": {
        "rows": 4,
        "cols": 12
    },
    "layouts": {
        "labels":[
            "ISO Enter",
            "Big Bar"
        ],
        "keymap":[
            [
              "0,0",
              "0,1",
              "0,2",
              "0,3",
              "0,4",
              "0,5",
              "0,6",
              "0,7",
              "0,8",
              "0,9",
              "0,10",
              {
                "w": 1.75
              },
              "0,11"
            ],
            [
              {
                "w": 1.25
              },
              "1,0",
              "1,1",
              "1,2",
              "1,3",
              "1,4",
              "1,5",
              "1,6",
              "1,7",
              "1,8",
              "1,9",
              "1,10",
              {
                "w": 1.5
              },
              "1,11\n\n\n0,0",
              {
                "x": 0.5,
                "w": 1.25,
                "h": 2,
                "w2": 1.5,
                "h2": 1,
                "x2": -0.25
              },
              "2,11\n\n\n0,1"
            ],
            [
              {
                "w": 1.5
              },
              "2,0",
              "2,1",
              "2,2",
              "2,3",
              "2,4",
              "2,5",
              "2,6",
              "2,7",
              "2,8",
              "2,9",
              "2,10",
              {
                "w": 1.25
              },
              "2,11\n\n\n0,0"
            ],
            [
              {
                "w": 1.25
              },
              "3,0",
              {
                "w": 1.5
              },
              "3,1",
              {
                "w": 1.25
              },
              "3,2\n\n\n1,0",
              {
                "w": 2.25
              },
              "3,4\n\n\n1,0",
              {
                "w": 2
              },
              "3,6\n\n\n1,0",
              {
                "w": 1.5
              },
              "3,8\n\n\n1,0",
              "3,9",
              "3,10",
              "3,11"
            ],
            [
              {
                "y": 0.25,
                "x": 2.75,
                "w": 7
              },
              "3,6\n\n\n1,1"
            ]
          ]
    }
}
