{
    "name": "Minibaen",
    "vendorId": "0x726B",
    "productId": "0x6D62",
    "lighting": "none",
    "matrix": {
        "rows": 4,
        "cols": 13
    },
    "layouts": {
        "labels":[
            [
                "Bottom Row",
                "Grid",
                "7u",
                "Split 3u",
                "Split 2u",
                "Center 3u"
            ]
        ],
        "keymap":[
            [
                "0,0",
                "0,1",
                "0,2",
                "0,3",
                "0,4",
                "0,5",
                "0,6",
                "0,7",
                "0,8",
                "0,9",
                "0,10",
                "0,11",
                "0,12"
              ],
              [
                "1,0",
                "1,1",
                "1,2",
                "1,3",
                "1,4",
                "1,5",
                "1,6",
                "1,7",
                "1,8",
                "1,9",
                "1,10",
                "1,11",
                "1,12"
              ],
              [
                "2,0",
                "2,1",
                "2,2",
                "2,3",
                "2,4",
                "2,5",
                "2,6",
                "2,7",
                "2,8",
                "2,9",
                "2,10",
                "2,11",
                "2,12"
              ],
              [
                "3,0",
                "3,1",
                "3,2",
                "3,3\n\n\n0,0",
                "3,4\n\n\n0,0",
                "3,5\n\n\n0,0",
                "3,6\n\n\n0,0",
                "3,7\n\n\n0,0",
                "3,8\n\n\n0,0",
                "3,9\n\n\n0,0",
                "3,10",
                "3,11",
                "3,12"
              ],
              [
                {
                  "x": 5.5
                },
                "0,0\n\n\n\n\n\n\n\n\ne",
                "0,1\n\n\n\n\n\n\n\n\ne"
              ],
              [
                {
                  "x": 3,
                  "w": 7
                },
                "3,6\n\n\n0,1"
              ],
              [
                {
                  "x": 3,
                  "w": 3
                },
                "3,4\n\n\n0,2",
                "3,6\n\n\n0,2",
                {
                  "w": 3
                },
                "3,8\n\n\n0,2"
              ],
              [
                {
                  "x": 3
                },
                "3,3\n\n\n0,3",
                {
                  "w": 2
                },
                "3,4\n\n\n0,3",
                "3,6\n\n\n0,3",
                {
                  "w": 2
                },
                "3,8\n\n\n0,3",
                "3,9\n\n\n0,3"
              ],
              [
                {
                  "x": 3
                },
                "3,3\n\n\n0,4",
                "3,4\n\n\n0,4",
                {
                  "w": 3
                },
                "3,6\n\n\n0,4",
                "3,8\n\n\n0,4",
                "3,9\n\n\n0,4"
              ]
            ]
    }
}
